{
    "mens":{
        "codes":{
            "a":{
                "type":"shoe",
                "quantity":10,
                "names":[
                    "Arlo",
                    "Arthur",
                    "Austin",
                    "Aaron",
                    "Andrew"
                ],
                "colours":[
                    "Black",
                    "Brown",
                    "Tan"
                ],
                "prices":[
                    49.99,
                    29.99,
                    39.99,
                    35.00,
                    45.00,
                    69.99
                ],
                "sizes":[
                    5,
                    5.5,
                    6,
                    6.5,
                    7,
                    7.5,
                    8,
                    8.5,
                    9,
                    9.5,
                    10,
                    10.5,
                    11,
                    11.5,
                    12,
                    12.5,
                    13,
                    13.5,
                    14
                ],
                "fittings":[
                    "standard",
                    "wide"
                ]
            },
            "b":{
                "type":"shoe",
                "quantity":2,
                "names":[
                    "Bale",
                    "Baldr"
                ],
                "colours":[
                    "Black",
                    "Brown",
                    "Tan"
                ],
                "prices":[
                    49.99,
                    29.99,
                    39.99,
                    35.00,
                    45.00,
                    69.99
                ],
                "sizes":[
                    7,
                    7.5,
                    8,
                    8.5,
                    9,
                    9.5,
                    10,
                    10.5,
                    11,
                    11.5,
                    12,
                    12.5,
                    13
                ],
                "fittings":[
                    "standard"
                ]
            },
            "c":{
                "type":"shoe",
                "quantity":10,
                "names":[
                    "Caleb",
                    "Caden",
                    "Cameron",
                    "Campbell",
                    "Calvin"
                ],
                "colours":[
                    "Black",
                    "Brown",
                    "Tan"
                ],
                "prices":[
                    49.99,
                    29.99,
                    39.99,
                    35.00,
                    45.00,
                    69.99
                ],
                "sizes":[
                    5,
                    5.5,
                    6,
                    6.5,
                    7,
                    7.5,
                    8,
                    8.5,
                    9,
                    9.5,
                    10,
                    10.5,
                    11,
                    11.5,
                    12,
                    12.5,
                    13,
                    13.5,
                    14
                ],
                "fittings":[
                    "standard"
                ]
            },
            "d":{
                "type":"shoe",
                "quantity":5,
                "names":[
                    "Dexter",
                    "Dylan",
                    "Dallas"
                ],
                "colours":[
                    "Black",
                    "Brown",
                    "Tan",
                    "Navy"
                ],
                "prices":[
                    49.99,
                    29.99,
                    39.99,
                    35.00,
                    45.00,
                    69.99
                ],
                "sizes":[
                    7,
                    7.5,
                    8,
                    8.5,
                    9,
                    9.5,
                    10,
                    10.5,
                    11,
                    11.5,
                    12,
                    12.5,
                    13
                ],
                "fittings":[
                    "standard"
                ]
            },
            "e":{
                "type":"shoe",
                "quantity":10,
                "names":[
                    "Elijah",
                    "Edward",
                    "Edgar",
                    "Eban",
                    "Ezra"
                ],
                "colours":[
                    "Black",
                    "Brown",
                    "Tan",
                    "Navy"
                ],
                "prices":[
                    49.99,
                    29.99,
                    39.99,
                    35.00,
                    45.00,
                    69.99
                ],
                "sizes":[
                    5,
                    5.5,
                    6,
                    6.5,
                    7,
                    7.5,
                    8,
                    8.5,
                    9,
                    9.5,
                    10,
                    10.5,
                    11,
                    11.5,
                    12,
                    12.5,
                    13,
                    13.5,
                    14
                ],
                "fittings":[
                    "standard",
                    "wide"
                ]
            },
            "f":{
                "type":"shoe",
                "quantity":5,
                "names":[
                    "Felix",
                    "Finley",
                    "Fabian"
                ],
                "colours":[
                    "Black",
                    "Brown",
                    "Tan"
                ],
                "prices":[
                    49.99,
                    29.99,
                    39.99,
                    35.00,
                    45.00,
                    69.99
                ],
                "sizes":[
                    5,
                    5.5,
                    6,
                    6.5,
                    7,
                    7.5,
                    8,
                    8.5,
                    9,
                    9.5,
                    10,
                    10.5,
                    11,
                    11.5,
                    12,
                    12.5,
                    13,
                    13.5,
                    14
                ],
                "fittings":[
                    "standard",
                    "wide"
                ]
            },
            "g":{
                "type":"trainer",
                "quantity":3,
                "names":[
                    "Gaberiel",
                    "Gale"
                ],
                "colours":[
                    "Black",
                    "White",
                    "Navy",
                    "Grey"
                ],
                "prices":[
                    15.00,
                    29.99,
                    35.00
                ],
                "sizes":[
                    5,
                    5.5,
                    6,
                    6.5,
                    7,
                    7.5,
                    8,
                    8.5,
                    9,
                    9.5,
                    10,
                    10.5,
                    11,
                    11.5,
                    12,
                    12.5,
                    13,
                    13.5,
                    14
                ],
                "fittings":[
                    "standard",
                    "wide"
                ]
            },
            "h":{
                "type":"sandal",
                "quantity":5,
                "names":[
                    "Harrison",
                    "Hugo",
                    "Hunter"
                ],
                "colours":[
                    "Black",
                    "Brown",
                    "Tan"
                ],
                "prices":[
                    19.99,
                    15.00,
                    23.99
                ],
                "sizes":[
                    7,
                    7.5,
                    8,
                    8.5,
                    9,
                    9.5,
                    10,
                    10.5,
                    11,
                    11.5,
                    12,
                    12.5,
                    13
                ],
                "fittings":[
                    "standard",
                    "wide"
                ]
            },
            "i":{
                "type":"sandal",
                "quantity":5,
                "names":[
                    "Iban",
                    "Ian"
                ],
                "colours":[
                    "Black",
                    "Brown",
                    "Tan"
                ],
                "prices":[
                    19.99,
                    15.00,
                    23.99
                ],
                "sizes":[
                    7,
                    7.5,
                    8,
                    8.5,
                    9,
                    9.5,
                    10,
                    10.5,
                    11,
                    11.5,
                    12,
                    12.5,
                    13
                ],
                "fittings":[
                    "standard",
                    "wide"
                ]
            },
            "j":{
                "type":"boot",
                "quantity":5,
                "names":[
                    "John",
                    "Jonas"
                ],
                "colours":[
                    "Black",
                    "Brown",
                    "Tan"
                ],
                "prices":[
                    49.99,
                    79.00,
                    39.99,
                    35.00,
                    45.00,
                    69.99
                ],
                "sizes":[
                    7,
                    7.5,
                    8,
                    8.5,
                    9,
                    9.5,
                    10,
                    10.5,
                    11,
                    11.5,
                    12,
                    12.5,
                    13
                ],
                "fittings":[
                    "standard"
                ]
            },
            "k":{
                "type":"boot",
                "quantity":5,
                "names":[
                    "Karl",
                    "Kennedy"
                ],
                "colours":[
                    "Black",
                    "Brown",
                    "Tan"
                ],
                "prices":[
                    49.99,
                    79.00,
                    39.99,
                    35.00,
                    45.00,
                    69.99
                ],
                "sizes":[
                    7,
                    7.5,
                    8,
                    8.5,
                    9,
                    9.5,
                    10,
                    10.5,
                    11,
                    11.5,
                    12,
                    12.5,
                    13
                ],
                "fittings":[
                    "standard",
                    "wide"
                ]
            },
            "l":{
                "type":"boot",
                "quantity":5,
                "names":[
                    "Leo",
                    "Levi"
                ],
                "colours":[
                    "Black",
                    "Brown",
                    "Tan"
                ],
                "prices":[
                    49.99,
                    79.00,
                    39.99,
                    35.00,
                    45.00,
                    69.99
                ],
                "sizes":[
                    7,
                    7.5,
                    8,
                    8.5,
                    9,
                    9.5,
                    10,
                    10.5,
                    11,
                    11.5,
                    12,
                    12.5,
                    13
                ],
                "fittings":[
                    "standard",
                    "wide"
                ]
            },
            "m":{
                "type":"boot",
                "quantity":5,
                "names":[
                    "Mason",
                    "Martin"
                ],
                "colours":[
                    "Black",
                    "Brown",
                    "Tan"
                ],
                "prices":[
                    49.99,
                    79.00,
                    39.99,
                    35.00,
                    45.00,
                    69.99
                ],
                "sizes":[
                    7,
                    7.5,
                    8,
                    8.5,
                    9,
                    9.5,
                    10,
                    10.5,
                    11,
                    11.5,
                    12,
                    12.5,
                    13
                ],
                "fittings":[
                    "standard",
                    "wide"
                ]
            },
            "n":{
                "type":"boot",
                "quantity":5,
                "names":[
                    "Nicolas",
                    "Nairo"
                ],
                "colours":[
                    "Black",
                    "Brown",
                    "Tan"
                ],
                "prices":[
                    49.99,
                    79.00,
                    39.99,
                    35.00,
                    45.00,
                    69.99
                ],
                "sizes":[
                    7,
                    7.5,
                    8,
                    8.5,
                    9,
                    9.5,
                    10,
                    10.5,
                    11,
                    11.5,
                    12,
                    12.5,
                    13
                ],
                "fittings":[
                    "standard",
                    "wide"
                ]
            },
            "o":{
                "type":"boot",
                "quantity":5,
                "names":[
                    "Oscar",
                    "Oliver"
                ],
                "colours":[
                    "Black",
                    "Brown",
                    "Tan"
                ],
                "prices":[
                    49.99,
                    79.00,
                    39.99,
                    35.00,
                    45.00,
                    69.99
                ],
                "sizes":[
                    7,
                    7.5,
                    8,
                    8.5,
                    9,
                    9.5,
                    10,
                    10.5,
                    11,
                    11.5,
                    12,
                    12.5,
                    13
                ],
                "fittings":[
                    "standard",
                    "wide"
                ]
            },
            "p":{
                "type":"sandal",
                "quantity":5,
                "names":[
                    "Pablo",
                    "Paul"
                ],
                "colours":[
                    "Black",
                    "Brown",
                    "Tan"
                ],
                "prices":[
                    19.99,
                    15.00,
                    23.99
                ],
                "sizes":[
                    7,
                    7.5,
                    8,
                    8.5,
                    9,
                    9.5,
                    10,
                    10.5,
                    11,
                    11.5,
                    12,
                    12.5,
                    13
                ],
                "fittings":[
                    "standard"
                ]
            },
            "r":{
                "type":"sandal",
                "quantity":5,
                "names":[
                    "Ralph",
                    "Reuben",
                    "Roman"
                ],
                "colours":[
                    "Black",
                    "Brown",
                    "Tan"
                ],
                "prices":[
                    19.99,
                    15.00,
                    23.99
                ],
                "sizes":[
                    7,
                    7.5,
                    8,
                    8.5,
                    9,
                    9.5,
                    10,
                    10.5,
                    11,
                    11.5,
                    12,
                    12.5,
                    13
                ],
                "fittings":[
                    "standard",
                    "wide"
                ]
            },
            "w":{
                "type":"slipper",
                "quantity":3,
                "names":[
                    "Werner",
                    "Warley"
                ],
                "colours":[
                    "Black",
                    "Grey",
                    "White",
                    "Navy"
                ],
                "prices":[
                    8.99,
                    12.99,
                    23.00
                ],
                "sizes":[
                    7,
                    7.5,
                    8,
                    8.5,
                    9,
                    9.5,
                    10,
                    10.5,
                    11,
                    11.5,
                    12
                ],
                "fittings":[
                    "standard",
                    "wide"
                ]
            },
            "x":{
                "type":"slipper",
                "quantity":3,
                "names":[
                    "Xavier",
                    "Xander"
                ],
                "colours":[
                    "Black",
                    "Grey",
                    "White",
                    "Navy"
                ],
                "prices":[
                    8.99,
                    12.99,
                    23.00
                ],
                "sizes":[
                    7,
                    7.5,
                    8,
                    8.5,
                    9,
                    9.5,
                    10,
                    10.5,
                    11,
                    11.5,
                    12
                ],
                "fittings":[
                    "standard"
                ]
            }
        },
        "secondary":[
            "Nile",
            "Amazon",
            "Yangtze",
            "Mississippi",
            "Yukon",
            "Volga",
            "Murray",
            "Ganges",
            "Ural",
            "Orinoco",
            "Zambezi",
            "Mekong",
            "Danube",
            "Thames",
            "Holly",
            "Ivy",
            "Maple",
            "Willow",
            "Oak",
            "Yew",
            "Beech",
            "Ash",
            "Birch",
            "Walnut",
            "Chestnut",
            "Olive",
            "Palm",
            "Pine",
            "Mahogany",
            "Teak",
            "Bronze",
            "Iron",
            "Steel",
            "Brass",
            "Zinc",
            "Aluminium",
            "Copper",
            "Tin",
            "Platinum",
            "Nickel",
            "Lead",
            "Cobalt",
            "Tungsten",
            "Titanium"
        ]
    },
    "ladies":{
        "codes":{
            "a":{
                "type":"shoe",
                "quantity":5,
                "fittings":[
                    "standard",
                    "wide"
                ],
                "names":[
                    "Ava",
                    "Amelia",
                    "Abigail",
                    "Aria"
                ],
                "prices":[
                    29.99,
                    39.99,
                    49.99,
                    35.00
                ],
                "sizes":[
                    2,
                    2.5,
                    3,
                    3.5,
                    4,
                    4.5,
                    5,
                    5.5,
                    6,
                    6.5,
                    7,
                    7.5,
                    8,
                    8.5,
                    9
                ],
                "colours":[
                    "Black",
                    "Tan",
                    "Red",
                    "Black Patent",
                    "Navy",
                    "Purple",
                    "Pink",
                    "White",
                    "Gold",
                    "Multi"
                ]
            },
            "b":{
                "type":"shoe",
                "quantity":10,
                "fittings":[
                    "standard"
                ],
                "names":[
                    "Bella",
                    "Belle",
                    "Beatrice",
                    "Bea",
                    "Barbra",
                    "Bethany"
                ],
                "prices":[
                    29.99,
                    39.99,
                    49.99,
                    35.00
                ],
                "sizes":[
                    2,
                    2.5,
                    3,
                    3.5,
                    4,
                    4.5,
                    5,
                    5.5,
                    6,
                    6.5,
                    7,
                    7.5,
                    8,
                    8.5,
                    9
                ],
                "colours":[
                    "Black",
                    "Tan",
                    "Red",
                    "Black Patent",
                    "Navy",
                    "Purple",
                    "Pink",
                    "White",
                    "Gold"
                ]
            },
            "c":{
                "type":"shoe",
                "quantity":10,
                "fittings":[
                    "standard",
                    "wide"
                ],
                "names":[
                    "Chloe",
                    "Charlotte",
                    "Crystal",
                    "Caroline",
                    "Celeste",
                    "Carly"
                ],
                "prices":[
                    29.99,
                    39.99,
                    35.00,
                    20.00
                ],
                "sizes":[
                    2,
                    2.5,
                    3,
                    3.5,
                    4,
                    4.5,
                    5,
                    5.5,
                    6,
                    6.5,
                    7,
                    7.5,
                    8,
                    8.5,
                    9
                ],
                "colours":[
                    "Black",
                    "Tan",
                    "Navy",
                    "Black Patent",
                    "Navy Patent"
                ]
            },
            "d":{
                "type":"shoe",
                "quantity":5,
                "fittings":[
                    "standard"
                ],
                "names":[
                    "Daisy",
                    "Danielle",
                    "Deliah",
                    "Diana"
                ],
                "prices":[
                    29.99,
                    39.99,
                    35.00,
                    20.00
                ],
                "sizes":[

                    3,
                    3.5,
                    4,
                    4.5,
                    5,
                    5.5,
                    6,
                    6.5,
                    7,
                    7.5,
                    8
                ],
                "colours":[
                    "Black",
                    "Tan",
                    "Navy",
                    "Black Patent",
                    "Navy Patent"
                ]

            },
            "f":{
                "type":"shoe",
                "quantity":5,
                "fittings":[
                    "standard",
                    "wide"
                ],
                "names":[
                    "Faith",
                    "Freya",
                    "Florence",
                    "Fern"
                ],
                "prices":[
                    29.99,
                    39.99,
                    49.99,
                    35.00
                ],
                "sizes":[
                    3,
                    3.5,
                    4,
                    4.5,
                    5,
                    5.5,
                    6,
                    6.5,
                    7,
                    7.5,
                    8,
                    8.5,
                    9
                ],
                "colours":[
                    "Black",
                    "Tan",
                    "Navy"
                ]
            },
            "g":{
                "type":"shoe",
                "quantity":10,
                "fittings":[
                    "standard",
                    "wide"
                ],
                "names":[
                    "Faith",
                    "Freya",
                    "Florence",
                    "Fern"
                ],
                "prices":[
                    29.99,
                    39.99,
                    49.99,
                    35.00
                ],
                "sizes":[
                    3,
                    3.5,
                    4,
                    4.5,
                    5,
                    5.5,
                    6,
                    6.5,
                    7,
                    7.5,
                    8,
                    8.5,
                    9
                ],
                "colours":[
                    "Black",
                    "Tan",
                    "Navy",
                    "Red",
                    "Brown",
                    "Gold",
                    "Pink"
                ]
            },
            "h":{
                "type":"trainer",
                "quantity":5,
                "fittings":[
                    "standard",
                    "wide"
                ],
                "names":[
                    "Hannah",
                    "Hope",
                    "Holly",
                    "Heather",
                    "Harriet"
                ],
                "prices":[
                    29.99,
                    39.99,
                    49.99,
                    35.00
                ],
                "sizes":[
                    3,
                    3.5,
                    4,
                    4.5,
                    5,
                    5.5,
                    6,
                    6.5,
                    7,
                    7.5,
                    8,
                    8.5,
                    9
                ],
                "colours":[
                    "Black",
                    "Tan",
                    "Navy",
                    "White",
                    "Purple"
                ]
            },
            "j":{
                "type":"long_boot",
                "quantity":5,
                "fittings":[
                    "standard"
                ],
                "names":[
                    "Jacqueline",
                    "Jane",
                    "Joy",
                    "Julia",
                    "Jazmine"
                ],
                "prices":[
                    120.00,
                    70.00,
                    99.99,
                    80.00
                ],
                "sizes":[
                    3,
                    3.5,
                    4,
                    4.5,
                    5,
                    5.5,
                    6,
                    6.5,
                    7,
                    7.5,
                    8,
                    8.5,
                    9
                ],
                "colours":[
                    "Black",
                    "Tan",
                    "Navy"
                ]
            },
            "k":{
                "type":"long_boot",
                "quantity":5,
                "fittings":[
                    "standard"
                ],
                "names":[
                    "Kylee",
                    "Katherine",
                    "Kayleigh",
                    "Kira",
                    "Kate"
                ],
                "prices":[
                    120.00,
                    70.00,
                    99.99,
                    80.00
                ],
                "sizes":[
                    3,
                    3.5,
                    4,
                    4.5,
                    5,
                    5.5,
                    6,
                    6.5,
                    7,
                    7.5,
                    8,
                    8.5,
                    9
                ],
                "colours":[
                    "Black",
                    "Tan",
                    "Navy"
                ]
            },
            "l":{
                "type":"boot",
                "quantity":5,
                "fittings":[
                    "standard"
                ],
                "names":[
                    "Lily",
                    "Lucy",
                    "Luna",
                    "Lucina",
                    "Laura"
                ],
                "prices":[
                    29.99,
                    39.99,
                    49.99,
                    35.00
                ],
                "sizes":[
                    2,
                    2.5,
                    3,
                    3.5,
                    4,
                    4.5,
                    5,
                    5.5,
                    6,
                    6.5,
                    7,
                    7.5,
                    8,
                    8.5,
                    9
                ],
                "colours":[
                    "Black",
                    "Tan",
                    "Navy"
                ]
            },
            "m":{
                "type":"boot",
                "quantity":5,
                "fittings":[
                    "standard"
                ],
                "names":[
                    "Margaret",
                    "Melody",
                    "Molly",
                    "Millie",
                    "Miranda"
                ],
                "prices":[
                    29.99,
                    39.99,
                    49.99,
                    35.00
                ],
                "sizes":[
                    2,
                    2.5,
                    3,
                    3.5,
                    4,
                    4.5,
                    5,
                    5.5,
                    6,
                    6.5,
                    7,
                    7.5,
                    8,
                    8.5,
                    9
                ],
                "colours":[
                    "Black",
                    "Tan",
                    "Navy"
                ]
            },
            "n":{
                "type":"boot",
                "quantity":5,
                "fittings":[
                    "standard",
                    "wide"
                ],
                "names":[
                    "Nicole",
                    "Nevaeh",
                    "Nova",
                    "Nadia",
                    "Natasha"
                ],
                "prices":[
                    29.99,
                    39.99,
                    49.99,
                    35.00
                ],
                "sizes":[
                    2,
                    2.5,
                    3,
                    3.5,
                    4,
                    4.5,
                    5,
                    5.5,
                    6,
                    6.5,
                    7,
                    7.5,
                    8,
                    8.5,
                    9
                ],
                "colours":[
                    "Black",
                    "Tan",
                    "Navy"
                ]
            },
            "o":{
                "type":"boot",
                "quantity":5,
                "fittings":[
                    "standard",
                    "wide"
                ],
                "names":[
                    "Opal",
                    "Olivia",
                    "Olympia",
                    "Orly",
                    "Octavia"
                ],
                "prices":[
                    29.99,
                    39.99,
                    49.99,
                    35.00
                ],
                "sizes":[
                    2,
                    2.5,
                    3,
                    3.5,
                    4,
                    4.5,
                    5,
                    5.5,
                    6,
                    6.5,
                    7,
                    7.5,
                    8,
                    8.5,
                    9
                ],
                "colours":[
                    "Navy",
                    "Black",
                    "Red",
                    "Green"
                ]
            },
            "p":{
                "type":"sandal",
                "quantity":5,
                "fittings":[
                    "standard"
                ],
                "names":[
                    "Phoebe",
                    "Poppy",
                    "Pauline",
                    "Pippa",
                    "Petra"
                ],
                "prices":[
                    29.99,
                    19.99,
                    35.00,
                    25.00
                ],
                "sizes":[
                    2,
                    2.5,
                    3,
                    3.5,
                    4,
                    4.5,
                    5,
                    5.5,
                    6,
                    6.5,
                    7,
                    7.5,
                    8,
                    8.5,
                    9
                ],
                "colours":[
                    "Black",
                    "White",
                    "Tan",
                    "Brown",
                    "Multi",
                    "Green"
                ]
            },
            "r":{
                "type":"sandal",
                "quantity":5,
                "fittings":[
                    "standard",
                    "wide"
                ],
                "names":[
                    "Rose",
                    "Rachel",
                    "Rebecca",
                    "Rhea",
                    "Rayna"
                ],
                "prices":[
                    29.99,
                    19.99,
                    35.00,
                    25.00
                ],
                "sizes":[
                    3,
                    3.5,
                    4,
                    4.5,
                    5,
                    5.5,
                    6,
                    6.5,
                    7,
                    7.5,
                    8,
                    8.5
                ],
                "colours":[
                    "Black",
                    "White",
                    "Tan",
                    "Brown",
                    "Multi",
                    "Green"
                ]
            },
            "s":{
                "type":"sandal",
                "quantity":5,
                "fittings":[
                    "standard",
                    "wide"
                ],
                "names":[
                    "Sophii",
                    "Sadie",
                    "Susan",
                    "Scarlet",
                    "Sienna"
                ],
                "prices":[
                    29.99,
                    19.99,
                    35.00,
                    25.00
                ],
                "sizes":[
                    3,
                    3.5,
                    4,
                    4.5,
                    5,
                    5.5,
                    6,
                    6.5,
                    7,
                    7.5,
                    8,
                    8.5
                ],
                "colours":[
                    "Black",
                    "White",
                    "Tan",
                    "Brown",
                    "Multi",
                    "Green"
                ]
            },
            "u":{
                "type":"sandal",
                "quantity":10,
                "fittings":[
                    "standard",
                    "wide"
                ],
                "names":[
                    "Uta",
                    "Ursa",
                    "Urina",
                    "Ulva",
                    "Unique"
                ],
                "prices":[
                    29.99,
                    19.99,
                    35.00,
                    25.00
                ],
                "sizes":[
                    3,
                    3.5,
                    4,
                    4.5,
                    5,
                    5.5,
                    6,
                    6.5,
                    7,
                    7.5,
                    8,
                    8.5
                ],
                "colours":[
                    "Black",
                    "White",
                    "Tan",
                    "Brown",
                    "Multi",
                    "Green"
                ]
            },
            "v":{
                "type":"sandal",
                "quantity":10,
                "fittings":[
                    "standard",
                    "wide"
                ],
                "prices":[
                    29.99,
                    19.99,
                    35.00,
                    25.00
                ],
                "names":[
                    "Victoria",
                    "Violet",
                    "Vera",
                    "Veronica",
                    "Verity"
                ],
                "sizes":[
                    3,
                    3.5,
                    4,
                    4.5,
                    5,
                    5.5,
                    6,
                    6.5,
                    7,
                    7.5,
                    8,
                    8.5
                ],
                "colours":[
                    "Black",
                    "White",
                    "Tan",
                    "Brown",
                    "Multi",
                    "Green"
                ]
            },
            "x":{
                "type":"slipper",
                "quantity":5,
                "fittings":[
                    "standard",
                    "wide"
                ],
                "names":[
                    "Xiao",
                    "Ximena",
                    "Xena"
                ],
                "prices":[
                    15.00,
                    22.00,
                    12.00
                ],
                "sizes":[
                    3,
                    3.5,
                    4,
                    4.5,
                    5,
                    5.5,
                    6,
                    6.5,
                    7,
                    7.5,
                    8,
                    8.5
                ],
                "colours":[
                    "Black",
                    "White",
                    "Multi",
                    "Pink"
                ]
            }
        },
        "secondary":[
            "Everest",
            "Fuji",
            "Kilimanjaro",
            "Matterhorn",
            "Blanc",
            "Denali",
            "Kirkjufell",
            "Annapurna",
            "Olympus",
            "Hua",
            "Aoraki",
            "Elbrus",
            "Licancabur",
            "Rainier",
            "Kinabalu",
            "Kailash",
            "Snowdon",
            "Aster",
            "Carnation",
            "Dahlia",
            "Daisy",
            "Heather",
            "Hibiscus",
            "Hydrangea",
            "Iris",
            "Jasmine",
            "Lavender",
            "Daffodil",
            "Lily",
            "Marigold",
            "Orchid",
            "Pansy",
            "Rose",
            "Sunflower",
            "Tulip",
            "Violet",
            "Amethyst",
            "Turquoise",
            "Pearl",
            "Sapphire",
            "Jade",
            "Amber",
            "Topaz",
            "Emerald",
            "Opal",
            "Moonstone",
            "Agate",
            "Quartz",
            "Peridot",
            "Onyx",
            "Ruby",
            "Diamond"
        ]
    },
    "childrens":{
        "codes":{
            "j":{
                "type":"shoe",
                "quantity":15,
                "names":[
                    "Learn",
                    "Read",
                    "Quiz",
                    "Book",
                    "Ponder"
                ],
                "colours":[
                    "Black"
                ],
                "prices":[
                    24.99,
                    19.00,
                    32.00,
                    26.00
                ],
                "sizes":[
                    1,
                    1.5,
                    2,
                    2.5,
                    3,
                    3.5,
                    4,
                    4.5,
                    5,
                    5.5,
                    6,
                    6.5,
                    7,
                    7.5,
                    8,
                    8.5,
                    9,
                    9.5,
                    10,
                    10.5,
                    11,
                    11.5,
                    12,
                    12.5,
                    13,
                    13.5
                ],
                "fittings":[
                    "f",
                    "g",
                    "h",
                    "e"
                ]
            },
            "k":{
                "type":"boot",
                "quantity":10,
                "names":[
                    "Kick",
                    "Stride",
                    "Hop",
                    "Walk"
                ],
                "colours":[
                    "Blue",
                    "Tan",
                    "Brown"
                ],
                "prices":[
                    24.99,
                    19.00,
                    32.00,
                    26.00
                ],
                "sizes":[
                    1,
                    1.5,
                    2,
                    2.5,
                    3,
                    3.5,
                    4,
                    4.5,
                    5,
                    5.5,
                    6,
                    6.5,
                    7,
                    7.5,
                    8,
                    8.5,
                    9,
                    9.5,
                    10,
                    10.5,
                    11,
                    11.5,
                    12,
                    12.5,
                    13,
                    13.5
                ],
                "fittings":[
                    "f",
                    "g"
                ]
            },
            "l":{
                "type":"sandal",
                "quantity":10,
                "names":[
                    "Beach",
                    "Sand",
                    "Surf",
                    "Ocean"
                ],
                "colours":[
                    "Tan",
                    "Blue",
                    "Green",
                    "Red"
                ],
                "prices":[
                    24.99,
                    19.00,
                    12.00,
                    26.00
                ],
                "sizes":[
                    1,
                    1.5,
                    2,
                    2.5,
                    3,
                    3.5,
                    4,
                    4.5,
                    5,
                    5.5,
                    6,
                    6.5,
                    7,
                    7.5,
                    8,
                    8.5,
                    9,
                    9.5,
                    10,
                    10.5,
                    11,
                    11.5,
                    12,
                    12.5,
                    13,
                    13.5
                ],
                "fittings":[
                    "standard"
                ]
            },
            "m":{
                "type":"trainer",
                "quantity":5,
                "names":[
                    "Zoom",
                    "Sneak",
                    "Dash"
                ],
                "colours":[
                    "Black",
                    "Navy",
                    "Red",
                    "Blue",
                    "White"
                ],
                "prices":[
                    24.99,
                    19.00,
                    32.00,
                    26.00
                ],
                "sizes":[
                    1,
                    1.5,
                    2,
                    2.5,
                    3,
                    3.5,
                    4,
                    4.5,
                    5,
                    5.5,
                    6,
                    6.5,
                    7,
                    7.5,
                    8,
                    8.5,
                    9,
                    9.5,
                    10,
                    10.5,
                    11,
                    11.5,
                    12,
                    12.5,
                    13,
                    13.5
                ],
                "fittings":[
                    "f",
                    "g"
                ]
            },
            "n":{
                "type":"shoe",
                "quantity":15,
                "names":[
                    "Ponder",
                    "Listen",
                    "Think",
                    "Wonder",
                    "Imagine"
                ],
                "colours":[
                    "Black",
                    "Black Patent"
                ],
                "prices":[
                    24.99,
                    19.00,
                    32.00,
                    26.00
                ],
                "sizes":[
                    1,
                    1.5,
                    2,
                    2.5,
                    3,
                    3.5,
                    4,
                    4.5,
                    5,
                    5.5,
                    6,
                    6.5,
                    7,
                    7.5,
                    8,
                    8.5,
                    9,
                    9.5,
                    10,
                    10.5,
                    11,
                    11.5,
                    12,
                    12.5,
                    13,
                    13.5
                ],
                "fittings":[
                    "f",
                    "g",
                    "e",
                    "h"
                ]
            },
            "o":{
                "type":"boot",
                "quantity":10,
                "names":[
                    "Skip",
                    "Dance",
                    "Spin",
                    "Pass"
                ],
                "colours":[
                    "Black",
                    "Tan",
                    "Pink"
                ],
                "prices":[
                    24.99,
                    19.00,
                    32.00,
                    26.00
                ],
                "sizes":[
                    1,
                    1.5,
                    2,
                    2.5,
                    3,
                    3.5,
                    4,
                    4.5,
                    5,
                    5.5,
                    6,
                    6.5,
                    7,
                    7.5,
                    8,
                    8.5,
                    9,
                    9.5,
                    10,
                    10.5,
                    11,
                    11.5,
                    12,
                    12.5,
                    13,
                    13.5
                ],
                "fittings":[
                    "f",
                    "g"
                ]
            },
            "p":{
                "type":"sandal",
                "quantity":10,
                "names":[
                    "Drive",
                    "Glide",
                    "Zip",
                    "Sun"
                ],
                "colours":[
                    "Tan",
                    "Pink",
                    "Silver"
                ],
                "prices":[
                    24.99,
                    19.00,
                    12.00,
                    26.00
                ],
                "sizes":[
                    1,
                    1.5,
                    2,
                    2.5,
                    3,
                    3.5,
                    4,
                    4.5,
                    5,
                    5.5,
                    6,
                    6.5,
                    7,
                    7.5,
                    8,
                    8.5,
                    9,
                    9.5,
                    10,
                    10.5,
                    11,
                    11.5,
                    12,
                    12.5,
                    13,
                    13.5
                ],
                "fittings":[
                    "standard"
                ]
            },
            "q":{
                "type":"trainer",
                "quantity":5,
                "names":[
                    "Leap",
                    "Bounce",
                    "Fly"
                ],
                "colours":[
                    "Pink",
                    "Blue",
                    "White",
                    "Black"
                ],
                "prices":[
                    24.99,
                    19.00,
                    32.00,
                    26.00
                ],
                "sizes":[
                    1,
                    1.5,
                    2,
                    2.5,
                    3,
                    3.5,
                    4,
                    4.5,
                    5,
                    5.5,
                    6,
                    6.5,
                    7,
                    7.5,
                    8,
                    8.5,
                    9,
                    9.5,
                    10,
                    10.5,
                    11,
                    11.5,
                    12,
                    12.5,
                    13,
                    13.5
                ],
                "fittings":[
                    "f",
                    "g"
                ]
            },
            "w":{
                "type":"slipper",
                "quantity":5,
                "names":[
                    "Sleep",
                    "Rest"
                ],
                "colours":[
                    "Multi"
                ],
                "prices":[
                    8.00,
                    12.00,
                    16.00
                ],
                "sizes":[
                    1,
                    2,
                    3,
                    4,
                    5,
                    6,
                    7,
                    8,
                    9,
                    10,
                    11,
                    12,
                    13
                ],
                "fittings":[
                    "standard"
                ]
            }
        },
        "secondary":[
            "Star",
            "Risk",
            "Spark",
            "Wizard",
            "Bright",
            "Shimmer",
            "Jam",
            "Sloth",
            "Split",
            "Fast",
            "Try",
            "Best",
            "Cake",
            "Rest",
            "Adventure",
            "No",
            "Lock",
            "Fish",
            "Dragon",
            "Good",
            "Flash",
            "Rain",
            "Joy",
            "Go",
            "Wisp",
            "Author",
            "Play"
        ]
    }
}
